,name,train-score,test-score,time
0,NB组合0（NB）,0.6659428571428572,0.6702666666666667,0.06686110900000009
1,NB组合1（非NB）,0.9999714285714286,0.7964666666666667,0.2208494725000001
2,NB组合2（非NB）,0.9999714285714286,0.7959333333333334,3.1046435264999994
3,高斯NB,0.34382857142857143,0.3482,0.05378408800000045
4,多项式NB,0.4280285714285714,0.4271333333333333,0.02270449849999956
5,决策树,1.0,0.8257333333333333,0.5327706919999997
6,神经网络,0.8320571428571428,0.8368666666666666,5.983835656500001
